{
	"credit": "Made with Blockbench",
	"texture_size": [32, 32],
	"textures": {
		"3": "minecraft:item/mace_in_hand"
	},
	"elements": [
		{
			"name": "head",
			"from": [4, 12, 4],
			"to": [12, 20, 12],
			"rotation": {"angle": 0, "axis": "y", "origin": [4, 12, 4]},
			"faces": {
				"north": {"uv": [0, 4, 4, 8], "texture": "#3"},
				"east": {"uv": [0, 4, 4, 8], "texture": "#3"},
				"south": {"uv": [0, 4, 4, 8], "texture": "#3"},
				"west": {"uv": [0, 4, 4, 8], "texture": "#3"},
				"up": {"uv": [0, 0, 4, 4], "texture": "#3"},
				"down": {"uv": [4, 0, 8, 4], "texture": "#3"}
			}
		},
		{
			"from": [6.5, 20, 6.5],
			"to": [9.5, 22, 9.5],
			"rotation": {"angle": 0, "axis": "y", "origin": [7, 20, 7]},
			"faces": {
				"north": {"uv": [4, 2.5, 5.5, 3.5], "texture": "#3"},
				"east": {"uv": [4, 2.5, 5.5, 3.5], "texture": "#3"},
				"south": {"uv": [4, 2.5, 5.5, 3.5], "texture": "#3"},
				"west": {"uv": [4, 2.5, 5.5, 3.5], "texture": "#3"},
				"up": {"uv": [4, 2, 5.5, 3.5], "texture": "#3"},
				"down": {"uv": [4, 2, 5.5, 3.5], "texture": "#3"}
			}
		},
		{
			"from": [6.5, 0, 6.5],
			"to": [9.5, 2, 9.5],
			"rotation": {"angle": 0, "axis": "y", "origin": [7, 0, 7]},
			"faces": {
				"north": {"uv": [4, 2.5, 5.5, 3.5], "texture": "#3"},
				"east": {"uv": [4, 2.5, 5.5, 3.5], "texture": "#3"},
				"south": {"uv": [4, 2.5, 5.5, 3.5], "texture": "#3"},
				"west": {"uv": [4, 2.5, 5.5, 3.5], "texture": "#3"},
				"up": {"uv": [4, 2, 5.5, 3.5], "texture": "#3"},
				"down": {"uv": [4, 2, 5.5, 3.5], "texture": "#3"}
			}
		},
		{
			"name": "rod",
			"from": [7, 2, 7],
			"to": [9, 20, 9],
			"rotation": {"angle": 0, "axis": "y", "origin": [7, 2, 7]},
			"faces": {
				"north": {"uv": [8, 0, 9, 9], "texture": "#3"},
				"east": {"uv": [8, 0, 9, 9], "texture": "#3"},
				"south": {"uv": [8, 0, 9, 9], "texture": "#3"},
				"west": {"uv": [8, 0, 9, 9], "texture": "#3"},
				"up": {"uv": [8, 0, 9, 1], "texture": "#3"},
				"down": {"uv": [8, 8, 9, 9], "texture": "#3"}
			}
		}
	],
	"display": {
		"thirdperson_righthand": {
			"scale": [0.75, 0.75, 0.75]
		},
		"thirdperson_lefthand": {
			"scale": [0.75, 0.75, 0.75]
		},
		"firstperson_righthand": {
			"scale": [0.75, 0.75, 0.75]
		},
		"firstperson_lefthand": {
			"scale": [0.75, 0.75, 0.75]
		},
		"ground": {
			"translation": [0, 2, 0],
			"scale": [0.5, 0.5, 0.5]
		},
		"gui": {
			"translation": [0, -1.75, 0],
			"scale": [0.65, 0.65, 0.65]
		},
		"head": {
			"rotation": [90, 0, 0],
			"translation": [0, 0, -13],
			"scale": [2, 2, 2]
		},
		"fixed": {
			"rotation": [0, 180, 0],
			"translation": [0, -1.5, 0],
			"scale": [0.75, 0.75, 0.75]
		}
	}
}